stage,end_rate,win_rate
opening,0.07666385846672283,0.5604395604395604
middlegame,0.37405223251895536,0.5225225225225225
endgame,0.5492839090143218,0.5153374233128835